{
	"class_name" : "PinholeCameraParameters",
	"extrinsic" : 
	[
		1.0,
		-0.0,
		-0.0,
		0.0,
		0.0,
		-1.0,
		-0.0,
		0.0,
		0.0,
		-0.0,
		-1.0,
		0.0,
		-24.5,
		24.317556846141816,
		76.56417940167637,
		1.0
	],
	"intrinsic" : 
	{
		"height" : 500,
		"intrinsic_matrix" : 
		[
			433.01270189221935,
			0.0,
			0.0,
			0.0,
			433.01270189221935,
			0.0,
			249.5,
			249.5,
			1.0
		],
		"width" : 500
	},
	"version_major" : 1,
	"version_minor" : 0
}